{
  "timestamp" : "2025-10-14 01:31:45",
  "javaVersion" : "17.0.16",
  "jvmArgs" : "-Xms256m -Xmx256m -XX:+UseZGC -XX:+AlwaysPreTouch",
  "gitBranch" : "master",
  "version" : "2.0.14-SNAPSHOT",
  "operatingSystem" : "Linux 6.11.0-1018-azure",
  "architecture" : "amd64",
  "cpuCount" : 4,
  "totalMemory" : 16772579328,
  "freeMemory" : 13795573760,
  "port" : 8899,
  "clientCount" : 10,
  "eachMsgCount" : 20000,
  "eachMsgSize" : 128,
  "messagesSent" : 200000,
  "messagesReceived" : 200000,
  "bytesSent" : 25600000,
  "bytesReceived" : 28400000,
  "errors" : 0,
  "minLatency" : 5,
  "maxLatency" : 1543,
  "avgLatency" : 962.7866857191734,
  "p50Latency" : 987,
  "p90Latency" : 1343,
  "p99Latency" : 1495,
  "testDuration" : 2023,
  "messagesPerSecond" : 98863.07464162135,
  "bytesPerSecond" : 1.2654473554127533E7,
  "errorRate" : 0.0,
  "messageLossRate" : 0.0,
  "heapUsed" : 132120576,
  "heapMax" : 268435456,
  "heapCommitted" : 268435456
}